[
    {
      "name": "Vivek",
      "password": "abcd",
      "interests": ["python", "web development", "flask", "django"]
    },
    {
      "name": "Vishwa",
      "password": "efgh",
      "interests": ["cloud computing", "android development", "data structures"]
    },
    {
      "name": "Shreyas",
      "password": "ijkl",
      "interests": ["computer networks", "devops", "git", "SQL"]
    },
    {
      "name": "Pranav",
      "password": "mnop",
      "interests": ["azure", "app development", "kotlin"]
    },
    {
      "name": "Vishal",
      "password": "qrst",
      "interests": ["github", "java", "database management", "nodejs", "django"]
    }
  ]
  